guid,id,sort-index,frequency-rank,frequency,part-of-speech,word,word-romanization,definition,sentence,sentence-romanization,sentence-meaning,word-audio,sentence-audio,word-auido-source,sentence-auido-source,tags
eC|zBcKmla,6abd761e-a7b6-496f-a027-1e8f1966d747,1,2,97 | 322841,Verb,بودن,budan,to be,جونِز <b>هستم</b>.,Jonez hastam.,(I) am Jones.,[sound:6abd761e-a7b6-496f-a027-1e8f1966d747_word.mp3],[sound:6abd761e-a7b6-496f-a027-1e8f1966d747_sentence.mp3],Unknown,Pimsleur,Persian5k::Verb
Kmc9)JSsHq,8197cc11-b2cc-430a-99c8-783a4d3aee52,2,102,67 | 29019,Pronoun,من,man,I,<b>من</b> لِیلا هستم.,Man Leylâ hastam.,I am Leyla.,[sound:8197cc11-b2cc-430a-99c8-783a4d3aee52_word.mp3],[sound:8197cc11-b2cc-430a-99c8-783a4d3aee52_sentence.mp3],Farsi School,Chai &amp; Conversation,Persian5k::Pronoun
so-<SGmg70,a877f72c-cba4-4bf2-a42b-8883aebeec30,3,233,84 | 6453,"Adjective, Noun",ایرانی,irâni,Iranian,من <b>ایرانی</b> هستم.,Man irâni hastam.,I am Iranian.,[sound:a877f72c-cba4-4bf2-a42b-8883aebeec30_word.mp3],[sound:a877f72c-cba4-4bf2-a42b-8883aebeec30_sentence.mp3],PersianPod101,PersianPod101,"Persian5k::Adjective, Persian5k::Noun, Persian5k::Topic::Nationalities"
r}:Tz28url,6d9d90b5-d949-4e26-a9d8-63b9d6eb6f58,4,1514,60 | 2368,"Interjection, Noun",سلام,salâm,"hello, hi;<br>greeting",<b>سلام</b>. من رُستَمی هستم.,Salâm. Man Rostami hastam.,Hello. I am Rostami.,[sound:6d9d90b5-d949-4e26-a9d8-63b9d6eb6f58_word.mp3],[sound:6d9d90b5-d949-4e26-a9d8-63b9d6eb6f58_sentence.mp3],Farsi School,PersianLanguageOnline,"Persian5k::Interjection, Persian5k::Topic::Greetings"
"hMy,C9*7rl",1443b5ca-1c80-4e86-841a-70282c32356b,5,1187,74 | 1877,Noun,اسم,esm,name,سلام. <b>اسم</b> من مریمه.,Salâm. Esm-e man maryam-e.,Hello. My name’s Maryam.,[sound:1443b5ca-1c80-4e86-841a-70282c32356b_word.mp3],[sound:1443b5ca-1c80-4e86-841a-70282c32356b_sentence.mp3],PersianLanguageOnline,PersianLanguageOnline,Persian5k::Noun
qR{b5]|6pL,34091c80-ded9-4b28-b001-4aa53ea8f6e2,6,510,63 | 8010,"Adjective, Adverb",خوب,xub,"good;<br>well, nicely",<b>خوب</b> نیستم.,Xub nistam.,I'm not good.,[sound:34091c80-ded9-4b28-b001-4aa53ea8f6e2_word.mp3],[sound:34091c80-ded9-4b28-b001-4aa53ea8f6e2_sentence.mp3],PersianPod101,PersianPod101,"Persian5k::Adjective, Persian5k::Adverb"
D09+7PI$Ap,24c590e6-7822-47ee-b37b-46b6632e4b3e,7,2587,63 | 861,Adverb,چطور,chetor,"how;<br>how about, what about",<b>چطور</b> هستی؟,Chetor hasti?,How are you?,[sound:24c590e6-7822-47ee-b37b-46b6632e4b3e_word.mp3],[sound:24c590e6-7822-47ee-b37b-46b6632e4b3e_sentence.mp3],Farsi School,Unknown,
:<b7oNE(j,1f82df18-5c74-4d59-bb94-6a3ad29a57d1,8,821,70 | 3635,Adverb,اینجا,injâ,here,من <b>اینجا</b> هستم.‬,Man injâ hastam.,I am here.,[sound:1f82df18-5c74-4d59-bb94-6a3ad29a57d1_word.mp3],[sound:1f82df18-5c74-4d59-bb94-6a3ad29a57d1_sentence.mp3],PersianPod101,Goethe Verlag,"Persian5k::Adverb, Persian5k::Topic::Location"
ha[0~h}I9Q,8ab303c1-285c-48c9-9034-0525121d3b99,9,381,53 | 14651,Pronoun,تو,to,"you (<i>informal, singular</i>)",‫<b>تو</b> اینجایی.,To injâ-yi.,You are here.,[sound:8ab303c1-285c-48c9-9034-0525121d3b99_word.mp3],[sound:8ab303c1-285c-48c9-9034-0525121d3b99_sentence.mp3],PersianLanguageOnline,Goethe Verlag,Persian5k::Pronoun
d1@]HZAK-6,yfa13a-3098-4450-8efa-33cae30c1aac,10,,,Pronoun,چی,či,what?,سلام. اسم من بابَکه. اسم تو <b>چی</b>ه؟,Salâm. Esm-e man bâbak-e. Esm-e to či-ye?,<div>Hello. My name’s Babak. What’s your name?</div><div></div>,[sound:118fa13a-3098-4450-8efa-33cae30c1aac_word.mp3],[sound:118fa13a-3098-4450-8efa-33cae30c1aac_sentence.mp3],PersianLanguageOnline,PersianLanguageOnline,Persian5k::Pronoun
f3HKl$?BrO,ccd09a85-56b2-426a-b9dd-2561173e1ada,11,6,96 | 198860,Determiner,این,in,this;<br>these,نِدا، <b>این</b> رابِرته. رابِرت، <b>این</b> نِداست.,"Nedâ, in Râbert-e. Râbert, in Nedâ-st.","Neda, this is Robert. Robert, this is Neda.",[sound:ccd09a85-56b2-426a-b9dd-2561173e1ada_word.mp3],[sound:ccd09a85-56b2-426a-b9dd-2561173e1ada_sentence.mp3],Farsi School,PersianLanguageOnline,Persian5k::Determiner
Nr*$R~(je|,9bccbefa-1aae-47cb-89c0-f323d79c87ec,12,113,89 | 7419,Noun,حال,hâl,"condition of health;<br>mood, state of mind",سلام رابِرت. <b>حال</b>ت چطوره؟,Salâm Râbert. Hâl-et chetor-e?,Hello Robert. How are you?,[sound:9bccbefa-1aae-47cb-89c0-f323d79c87ec_word.mp3],[sound:9bccbefa-1aae-47cb-89c0-f323d79c87ec_sentence.mp3],Farsi School,PersianLanguageOnline,Persian5k::Noun
"e9S{,7Kx_P",4415e8b8-c813-4717-9f47-94288563f3c3,13,3916,55 | 523,Interjection,متشکرم,motešakker-am,thank you;<br>I am thankful,سلام نِدا. خوبم، <b>متشکرم</b>.,"Salâm nedâ. Xub-am, motešakkeram.","Hello Neda. I’m fine, thank you.",[sound:4415e8b8-c813-4717-9f47-94288563f3c3_word.mp3],[sound:4415e8b8-c813-4717-9f47-94288563f3c3_sentence.mp3],PersianPod101,PersianLanguageOnline,Persian5k::Interjection
y3zuUHUW)$,6fb27a95-b5ce-42d2-bd40-2cf628d3d722,14,1184,75 | 1845,"Adjective,&nbsp;Adverb",بد,bad,"bad<br>poorly, badly",حالم <b>بد</b>ه.,Hâl-am bad-e.,I'm feeling bad.,[sound:6fb27a95-b5ce-42d2-bd40-2cf628d3d722_word.mp3],[sound:6fb27a95-b5ce-42d2-bd40-2cf628d3d722_sentence.mp3],Farsi School,PersianPod101,"Persian5k::Adjective, Persian5k::Adverb"
t%kwC{)Cy(,ebd199ce-7422-4705-a763-564241c39725,15,,,,مرسی,mersi,thanks,بد نیستم. <b>مرسی</b>.,Bad nistam. Mersi.,I'm not bad. Thanks.,[sound:ebd199ce-7422-4705-a763-564241c39725_word.mp3],[sound:ebd199ce-7422-4705-a763-564241c39725_sentence.mp3],PersianPod101,PersianLanguageOnline,"Persian5k::Adjective, Persian5k::Adverb"
QRv!6^UM@$,886d7aa0-0d31-4841-8a2d-f729b28455b2,16,1406,86 | 761,Adjective,سرد,sard,cold (of temperature),<b>سرد</b>ه.,Sard-e.,It's cold.,[sound:886d7aa0-0d31-4841-8a2d-f729b28455b2_word.mp3],[sound:886d7aa0-0d31-4841-8a2d-f729b28455b2_sentence.mp3],PersianPod101,Glossika,Persian5k::Adjective
D[vMu<9N/F,fe53b8ee-f7d5-4284-83a6-08f4b737243c,17<code></code>,201,85 | 7167,Adverb,امروز,emruz,today,‫<b>امروز</b> سرد است.,Emruz sard ast.,It's cold today.,[sound:fe53b8ee-f7d5-4284-83a6-08f4b737243c_word.mp3],[sound:fe53b8ee-f7d5-4284-83a6-08f4b737243c_sentence.mp3],PersianPod101,Goethe Verlag,Persian5k::Adverb
Dbfnm1%nY=,a7488506-d3dd-4a14-ba34-ce5e40f7a096,18,474,86 | 2708,Noun,هوا,havâ,air;<br>weather,<b>هوا</b> امروز خوبه.,Havâ emruz xub-e.,The weather's nice today.,[sound:a7488506-d3dd-4a14-ba34-ce5e40f7a096_word.mp3],[sound:a7488506-d3dd-4a14-ba34-ce5e40f7a096_sentence.mp3],PersianPod101,Glossika,Persian5k::Noun
rJpCuhZo|K,68dacbac-4ae9-45c2-a391-27a31a9f6c64,19,,,Adjective,گرم,garm,"warm, hot",امروز هوا <b>گرم</b>ه.,Emruz havâ garm-e.,It's hot today.,[sound:68dacbac-4ae9-45c2-a391-27a31a9f6c64_word.mp3],[sound:68dacbac-4ae9-45c2-a391-27a31a9f6c64_sentence.mp3],PersianPod101,Glossika,Persian5k::Adjective
I83(`RF|PL,2a744c9c-5fcc-4573-8353-c71ca3cf41d4,20,387,70 | 8331,Adverb,خیلی,xeyli,very,‫امروز <b>خیلی</b> گرم است.‬,Emruz xeyli garm ast.,It is very hot today.,[sound:2a744c9c-5fcc-4573-8353-c71ca3cf41d4_word.mp3],[sound:2a744c9c-5fcc-4573-8353-c71ca3cf41d4_sentence.mp3],PersianPod101,Goethe Verlag,Persian5k::Adjective
uRg|>rb6{-,cc63fa86-8488-41aa-98f6-93f37f5e0b30,21,,,"Adjective, Interjection",ممنون,mamnun,"grateful, thankful;<br>
thanks",خوبم. خیلی <b>ممنون</b>. تو چطوری؟,Xub-am. Xeyli mamnun. To četor-i?,I’m fine. Many thanks. How are you?,[sound:cc63fa86-8488-41aa-98f6-93f37f5e0b30_word.mp3],[sound:cc63fa86-8488-41aa-98f6-93f37f5e0b30_sentence.mp3],PersianPod101,PersianLanguageOnline,"Persian5k::Adjective, Persian5k::Interjection"
srGc#OadKY,09eb9f41-b6b5-4279-8ac6-6fcff015e9dc,22,478,90 | 1883,"Noun, Adjective",انگلیسی,engelisi,"English (language, nationality);<br>Englishman",<b>انگلیسی</b> تو خوبه.,Engelisi-ye to xub-e.,Your English is good.,[sound:09eb9f41-b6b5-4279-8ac6-6fcff015e9dc_word.mp3],[sound:09eb9f41-b6b5-4279-8ac6-6fcff015e9dc_sentence.mp3],PersianPod101,Glossika,"Persian5k::Adjective, Persian5k::Noun, Persian5k::Topic::Languages, Persian5k::Topic::Nationalities"
p/dh_hjBXP,7bb9444b-399d-465b-9275-e53fcffbdfbc,23,2640,72 | 587,"Adjective, Noun",عاشق,âšeġ,"in love with, loving;<br>lover",من <b>عاشق</b> این هستم!,Man âšeġ-e in hastam.,I love it!,[sound:7bb9444b-399d-465b-9275-e53fcffbdfbc_word.mp3],[sound:7bb9444b-399d-465b-9275-e53fcffbdfbc_sentence.mp3],Farsi School,PersianPod101,"Persian5k::Adjective, Persian5k::Noun"
n}~WwfI_:>,8e7d186b-338f-402f-9948-2137236586ed,24,961,82 | 1732,Noun,ورزش,varzeš,sport;<br>exercise,من عاشق <b>ورزش</b> هستم.,Man âšeġ-e varzeš hastam., I love sports.,[sound:8e7d186b-338f-402f-9948-2137236586ed_word.mp3],[sound:8e7d186b-338f-402f-9948-2137236586ed_sentence.mp3],PersianPod101,PersianPod101,Persian5k::Noun
zO9(H>X;7w,163b249b-d5cb-413f-898a-0c85e9c1eb3e,25,17,92 | 65925,Verb,کردن,kardan,to do;<br>to make,تو ورزش <b>میکنی</b>؟,Tō varzeš mikoni?,Do you play sports?,[sound:163b249b-d5cb-413f-898a-0c85e9c1eb3e_word.mp3],[sound:163b249b-d5cb-413f-898a-0c85e9c1eb3e_sentence.mp3],Farsi School,Glossika,Persian5k::Verb
PL5/S7$ez8,09f2e07a-6314-4877-bb45-eea355dd6c5f,26,148,80 | 12659,Pronoun,شما,šomâ,"you (polite, plural)",اسم <b>شما</b> چیه؟,Esm-e šomâ či-ye?,What’s your name?,[sound:09f2e07a-6314-4877-bb45-eea355dd6c5f_word.mp3],[sound:09f2e07a-6314-4877-bb45-eea355dd6c5f_sentence.mp3],PersianLanguageOnline,PersianLanguageOnline,Persian5k::Pronoun
la=)/7C922,7cbe54a4-d207-4757-9f96-53a4def0cdff,27,2086,78 | 663,"Adjective, Adverb",دیر,dir,late,خیلی <b>دیر</b>ه.,Xeyli dir-e.,It's very late.;<br>It's too late.,[sound:7cbe54a4-d207-4757-9f96-53a4def0cdff_word.mp3],[sound:7cbe54a4-d207-4757-9f96-53a4def0cdff_sentence.mp3],Farsi School,Glossika,"Persian5k::Adjective, Persian5k::Adverb"
"A}<)~1UA,<",cf651e4f-50b9-4f24-87f7-527dae6eb849,28,,,Verb,دیر کردن,dir kardan,to be late;<br>to come late;<br>to arrive late,<b>دیر کردم</b>؟,Dir kardam?,Am I late?,[sound:cf651e4f-50b9-4f24-87f7-527dae6eb849_word.mp3],[sound:cf651e4f-50b9-4f24-87f7-527dae6eb849_sentence.mp3],Farsi School,Glossika,Persian5k::Verb
t-ELc|4:{h,483069b6-687d-4982-9736-86ae7248cb08,29,2181,76 | 699,Noun,اتوبوس,otobus,bus,<b>اتوبوس</b> دیر کرده.,Otobus dir karde.,The bus is late.,[sound:483069b6-687d-4982-9736-86ae7248cb08_word.mp3],[sound:483069b6-687d-4982-9736-86ae7248cb08_sentence.mp3],Farsi School,Glossika,Persian5k::Noun
"A%]Bowxx=,",88d2efdd-cb13-4304-a82a-bcfc294691f9,30,,,Interjection,ببخشید,bebaxšid,excuse me;<br>I'm sorry,<b>ببخشید</b> دیر کردم.,Bebaxšid dir kardam.,Sorry I'm late.,[sound:88d2efdd-cb13-4304-a82a-bcfc294691f9_word.mp3],[sound:88d2efdd-cb13-4304-a82a-bcfc294691f9_sentence.mp3],PersianPod101,Glossika,Persian5k::Interjection
P~NkchQI/q,e70a514e-3457-4e80-bed3-d6b8a27e5f14,31,1216,71 | 2062,"Adverb, Noun",فردا,fardâ,tomorrow,<b>فردا</b> اینجا نیستم.,Fardâ injâ nistam.,I won't be here tomorrow.,[sound:e70a514e-3457-4e80-bed3-d6b8a27e5f14_word.mp3],[sound:e70a514e-3457-4e80-bed3-d6b8a27e5f14_sentence.mp3],Farsi School,Glossika,"Persian5k::Adverb, Persian5k::Noun"
h:|P_.Hie;,daaeb132-5568-4799-ad46-353d7df4aeb2,33,54,86 | 22462,Pronoun,او <i>|</i> اون,u | un,"he, she, they",‫<b>او</b> می‌خواند.‬,U mixânad.,He reads.,[sound:daaeb132-5568-4799-ad46-353d7df4aeb2_word.mp3],[sound:daaeb132-5568-4799-ad46-353d7df4aeb2_sentence.mp3],Farsi School,Goethe Verlag,Persian5k::Pronoun
Luxq<$3OD&,d25101e7-ccc1-4db6-bb7c-c4d200df99c0,32,280,86 | 4689,Verb,خواندن,xândan,to read;<br>to study,‫من <b>می‌خوانم</b>.‬,Man mixânam.,I read.,[sound:d25101e7-ccc1-4db6-bb7c-c4d200df99c0_word.mp3],[sound:d25101e7-ccc1-4db6-bb7c-c4d200df99c0_sentence.mp3],PersianPod101,Goethe Verlag,Persian5k::Verb
yJ6}zJ0jat,e1d89f1b-32b1-4688-9e6a-bf8c16058bbd,34,1520,73 | 1437,"Adjective, Adverb",زود,zud,early;<br>quickly; soon,خیلی <b>زود</b>ه.,Xeyli zud-e.,It's very early.;<br>It's too early.,[sound:e1d89f1b-32b1-4688-9e6a-bf8c16058bbd_word.mp3],[sound:e1d89f1b-32b1-4688-9e6a-bf8c16058bbd_sentence.mp3],PersianPod101,Glossika,"Persian5k::Adjective, Persian5k::Adverb"
Gop>j%`$Xn,b063549a-06c1-4619-974f-bc33f331bb49,35,16,93 | 58525,Verb,داشتن,dâštan,"to have; to possess, to own",اون <b>داره</b>.,Un dâre.,She has.,[sound:b063549a-06c1-4619-974f-bc33f331bb49_word.mp3],[sound:b063549a-06c1-4619-974f-bc33f331bb49_sentence.mp3],Farsi School,Glossika,Persian5k::Verb
t%gO`!4.DT,07504409-af79-472b-bf5d-e01b69b24257,36,1452,74 | 1490,Noun,ماشین,mâšin,car,من <b>ماشین</b> دارم.,Man mâšin dâram.,I have a car.,[sound:07504409-af79-472b-bf5d-e01b69b24257_word.mp3],[sound:07504409-af79-472b-bf5d-e01b69b24257_sentence.mp3],PersianPod101,Glossika,Persian5k::Noun
LQViy6l#qe,4cc4e63e-ba6f-4e0b-b6b9-ba978013a073,37,2347,76 | 598,Noun,کلید,kelid,key,<b>کلید</b> ندارم.,Kelid nadâram.,I don't have the key.,[sound:4cc4e63e-ba6f-4e0b-b6b9-ba978013a073_word.mp3],[sound:4cc4e63e-ba6f-4e0b-b6b9-ba978013a073_sentence.mp3],PersianPod101,Glossika,Persian5k::Noun
F@4_K9;so],20d7efa3-6c72-467c-8d98-f466dc6750c9,38,3405,60 | 578,Noun,سگ,sag,dog,تو <b>سگ</b> نداری.,To sag nadâri.,You don't have a dog.,[sound:20d7efa3-6c72-467c-8d98-f466dc6750c9_word.mp3],[sound:20d7efa3-6c72-467c-8d98-f466dc6750c9_sentence.mp3],Goethe Verlag,Glossika,Persian5k::Noun
L$^4T$$XqM,61512efd-2e81-45c7-9858-5c5495912e78,39,1545,63 | 2062,Adverb,کجا,kojâ,where,کلیدام <b>کجا</b>ست؟,Kelid-â-m kojâ-st?,Where are my keys?,[sound:61512efd-2e81-45c7-9858-5c5495912e78_word.mp3],[sound:61512efd-2e81-45c7-9858-5c5495912e78_sentence.mp3],PersianLanguageOnline,Glossika,Persian5k::Adverb
E:MgIK3g/<,409e78cb-3446-4815-b4bb-44a8be5ec78e,40,496,85 | 2826,Noun,دوست,dust,friend,<b>دوست</b>ت کجاست.,Dust-et kojâ-st?,Where's your friend?,[sound:409e78cb-3446-4815-b4bb-44a8be5ec78e_word.mp3],[sound:409e78cb-3446-4815-b4bb-44a8be5ec78e_sentence.mp3],PesianPod101,Glossika,Persian5k::Adverb
EYd!i`a/0),0860d172-5ccb-4e89-9121-10d4e5ca4f55,41,1408,62 | 2406,Noun,اتاق,otâġ,room,این <b>اتاق</b> خیلی گرمه.,In otâġ xeyli garm-e.,It's very warm in this room.,[sound:0860d172-5ccb-4e89-9121-10d4e5ca4f55_word.mp3],[sound:0860d172-5ccb-4e89-9121-10d4e5ca4f55_sentence.mp3],Farsi School,Glossika,Persian5k::Noun
Ma~^O7zu65,e6271251-c348-4163-b94f-2dd17f20a181,42,590,72 | 4778,Noun,چشم, 	čašm | češm,eye,<b>چشم</b>هام خوب نیستن.,Češm-hâ-m xub nistan.,My eyes are not very good.,[sound:e6271251-c348-4163-b94f-2dd17f20a181_word.mp3],[sound:e6271251-c348-4163-b94f-2dd17f20a181_sentence.mp3],Farsi School,Glossika,"Persian5k::Noun, Persian5k::Topic::Body"
G<x.A?y-3],5d73ac53-dd6d-4ad9-90ed-ecb3c6232e68,43,2092,74 | 807,Adjective,آبی,âbi,blue,من چشمای <b>آبی</b> دارم.,Man češm-â-ye âbi dâram.,I have blue eyes.,[sound:5d73ac53-dd6d-4ad9-90ed-ecb3c6232e68_word.mp3],[sound:5d73ac53-dd6d-4ad9-90ed-ecb3c6232e68_sentence.mp3],PersianLanguageOnline,Glossika,"Persian5k::Adjective, Persian5k::Topic::Color"
i2%]1(/9Ib,8e2ebfa9-ed5f-4ec9-a90f-8962b48f96bc,44,381,53 | 14651,"Preposition, Adjective, Adverb",تو,tu,"in, inside;<br>
within, interior, inner",<b>تو</b>ی این اتاق گرمه.,Tu-ye in otâġ garm-e.,It's hot in this room.,[sound:8e2ebfa9-ed5f-4ec9-a90f-8962b48f96bc_word.mp3],[sound:8e2ebfa9-ed5f-4ec9-a90f-8962b48f96bc_sentence.mp3],PersianLanguageOnline,Glossika,"Persian5k::Adjective, Persian5k::Adverb, Persian5k::Preposition"
"A4o3/Y:Q,M",24e79305-b32a-4579-83ef-621676fc80ab,45,4253,69 | 265,Adjective,خسته,xaste,tired;<br>weary,من <b>خسته</b> نیستم.,Man xaste nistam.,I'm not tired.,[sound:24e79305-b32a-4579-83ef-621676fc80ab_word.mp3],[sound:24e79305-b32a-4579-83ef-621676fc80ab_sentence.mp3],PersianPod101,Glossika,Persian5k::Adjective
"i>}LwvDe,h",fb5c0e83-95f6-44e4-8a48-c1c4d6d6e5cc,46,918,78 | 2186,Noun,صبح,sobh,morning,امروز <b>صبح</b> خستم.,Emruz sobh xast-am.,I'm tired this morning.,[sound:fb5c0e83-95f6-44e4-8a48-c1c4d6d6e5cc_word.mp3],[sound:fb5c0e83-95f6-44e4-8a48-c1c4d6d6e5cc_sentence.mp3],PersianPod101,Glossika,Persian5k::Noun
P3S`5z*PWY,40a31baf-5ded-4f34-a474-cfaa8a3ab26f,47,4194,53 | 472,Adverb,بخیر,bexeyr,good (<i>in greetings</i>), صبح <b>به خیر</b>.,Sobh bexeyr,Good morning.,[sound:40a31baf-5ded-4f34-a474-cfaa8a3ab26f_word.mp3],[sound:40a31baf-5ded-4f34-a474-cfaa8a3ab26f_sentence.mp3],PersianPod101,PersianPod101,Persian5k::Adverb
"I>*;bW_yQ,",3ad64fab-0d12-4717-a16b-7b4dfc38d0c0,48,,,Interjection,صبح بخیر,sobh bexeyr,good morning,سلام. <b>صبح به خیر</b>.,Salâm. Sobh be xeyr.,Hello. Good morning.,[sound:3ad64fab-0d12-4717-a16b-7b4dfc38d0c0_word.mp3],[sound:3ad64fab-0d12-4717-a16b-7b4dfc38d0c0_sentence.mp3],PersianPod101,PersianLanguageOnline,"Persian5k::Interjection, Persian5k::Topic::Greetings"
efW8V5A%}3,43276396-9f2a-419e-8027-dac9f86c39df,49,3724,45 | 764,Noun,مامان,mâmân,mama,سلام <b>مامان</b>!,Salâm mâmân.,Hi Mum.,[sound:43276396-9f2a-419e-8027-dac9f86c39df_word.mp3],[sound:43276396-9f2a-419e-8027-dac9f86c39df_sentence.mp3],Farsi School,PersianLanguageOnline,"Persian5k::Noun, Persian5k::Topic::Family"
P5*}a]nhtL,5a9843d1-e592-45b9-a3ff-ab85d9755ca0,50,1064,70 | 2728,Noun,پسر,pesar,son;<br>boy,سلام <b>پسر</b>م. صبح به خیر.,Salâm pesar-am. Sobh be xeyr.,"Hello my son, good morning.",[sound:5a9843d1-e592-45b9-a3ff-ab85d9755ca0_word.mp3],[sound:5a9843d1-e592-45b9-a3ff-ab85d9755ca0_sentence.mp3],PersianPod101,PersianLanguageOnline,"Persian5k::Noun, Persian5k::Topic::Family"
hT%`r<^2gf,5ba0f13e-8086-4232-ad49-f44d1e9d52ec,51,633,77 | 3672,Noun,جان <i>|</i> جون,jân | jun,"soul, life;<br>sweetheart, dear",سامان <b>جون</b>، چطوری؟,Sâmân-jun četori?,How are you Saman dear?,[sound:5ba0f13e-8086-4232-ad49-f44d1e9d52ec_word.mp3],[sound:5ba0f13e-8086-4232-ad49-f44d1e9d52ec_sentence.mp3],Farsi School,PersianLanguageOnline,Persian5k::Noun
FWVZ4B3T1~,67e9a858-c11e-4f8d-b363-ecc448f1599a,53,57,95 | 7421,Adjective,تنها,tanhâ,"alone;<br>lonely<br>just, only",مریم جان <b>تنها</b> هستی؟,Maryam jân tanhâ hasti?,"Maryam dear, are you alone?",[sound:67e9a858-c11e-4f8d-b363-ecc448f1599a_word.mp3],[sound:67e9a858-c11e-4f8d-b363-ecc448f1599a_sentence.mp3],PersianPod101,PersianLanguageOnline,Persian5k::Adjective
V(i%7N?}D,38724aac-7241-4508-b1e1-308169eb11e8,54,8,95 | 131450,Preposition,با,bâ,"with (someone);<br>with, by, using",نه، <b>با</b> دوستم سارا هستم. سارا این بابَکه.,"Na, bâ dust-am sârâ hastam. Sârâ in bâbak-e.","No, I am with my friend Sara. Sara, this is Babak.",[sound:38724aac-7241-4508-b1e1-308169eb11e8_word.mp3],[sound:38724aac-7241-4508-b1e1-308169eb11e8_sentence.mp3],PersianLanguageOnline,PersianLanguageOnline,Persian5k::Preposition
B%5W%#sC69,0b53d796-8c5b-47c0-953b-5ad61c9eee57,55,870,75 | 2674,Noun,خانم <i>|</i> خانوم ,xânom | xânum,"Mrs, Ms;<br>lady;<br>madam",سلام، سارا <b>خانوم</b>.,Salâm Sârâ xânum.,"Hello, miss Sara.",[sound:0b53d796-8c5b-47c0-953b-5ad61c9eee57_word.mp3],[sound:0b53d796-8c5b-47c0-953b-5ad61c9eee57_sentence.mp3],PersianLanguageOnline,PersianLanguageOnline,Persian5k::Noun
FD^1=?CENU,9a2cdd0b-7104-49d2-8825-6fca8e69d4b5,52,178,77 | 12482,"Adverb, Particle",نه,na,no,‫<b>نه</b>، ندارم.‬,"Na, nadâram.","No, I don't have (it).",[sound:9a2cdd0b-7104-49d2-8825-6fca8e69d4b5_word.mp3],[sound:9a2cdd0b-7104-49d2-8825-6fca8e69d4b5_sentence.mp3],PersianLanguageOnline,Goethe Verlag,"Persian5k::Adverb, Persian5k::Particle"
yVR?AqO7tm,6d96bcb8-b8f6-4d2c-af42-4b3d753acd25,56,,,Interjection,خوشوقتم,xošvaġt-am,pleased to meet you,<b>خوشوقتم</b>. شما ایرانی هستین؟,Xošvaġt-am. Šomâ irâni hastin?,Pleased to meet you. Are you Iranian?,[sound:6d96bcb8-b8f6-4d2c-af42-4b3d753acd25_word.mp3],[sound:6d96bcb8-b8f6-4d2c-af42-4b3d753acd25_sentence.mp3],PersianLanguageOnline,PersianLanguageOnline,"Persian5k::Interjection, Persian5k::Topic::Greetings"
sH^ZcDp$Tn,e1a26374-91f1-4118-bf4b-428a89e46f9d,57,1211,88 | 771,"Noun, Adjective",آلمانی,âlmâni,German,من <b>آلمانی</b> میخونم.,Man âlmâni mixunam.,I'm studying German.,[sound:e1a26374-91f1-4118-bf4b-428a89e46f9d_word.mp3],[sound:e1a26374-91f1-4118-bf4b-428a89e46f9d_sentence.mp3],PersianLanguageOnline,Glossika,"Persian5k::Adjective, Persian5k::Noun, Persian5k::Topic::Languages, Persian5k::Topic::Nationalities"
p(c|Mhlo`6,bde1ad90-62a0-45cd-8463-911522b775bc,58,1636,72 | 1360,Adverb,بله,bale,yes,‫<b>بله</b>، دارم.‬,"Bale, dâram.","Yes, I have.",[sound:bde1ad90-62a0-45cd-8463-911522b775bc_word.mp3],[sound:bde1ad90-62a0-45cd-8463-911522b775bc_sentence.mp3],PersianLanguageOnline,Goethe Verlag,Persian5k::Adverb
K8p_Qt8l;N,22602332-1dd7-42e1-8198-a76733cbc471,59,883,71 | 3175,Noun,پدر,pedar,father, من <b>پدر</b>ت هستم.,Man pedar-et hastam.,I am your father.,[sound:22602332-1dd7-42e1-8198-a76733cbc471_word.mp3],[sound:22602332-1dd7-42e1-8198-a76733cbc471_sentence.mp3],PersianLanguageOnline,PersianPod101,Persian5k::Noun
D@<a+m&SQM,7f607a1a-02af-4902-bf4c-338e2a49c8d0,60,1,96 | 533712,Conjunction,و,va | o,and,‫من <b>و</b> تو‬.,Man va to.,I and you.,[sound:7f607a1a-02af-4902-bf4c-338e2a49c8d0_word.mp3],[sound:7f607a1a-02af-4902-bf4c-338e2a49c8d0_sentence.mp3],PersianPod101,Goethe Verlag,Persian5k::Conjunction
xrkOu}uL_9,b3017f93-6da1-4214-9e4e-9e5cb6a38eb0,61,930,71 | 3086,Noun,مادر,mâdar,mother,پدر و <b>مادر</b>ت چطورن؟,Pedar o mâdaret četor-an?,<div>How are your parents?</div>,[sound:b3017f93-6da1-4214-9e4e-9e5cb6a38eb0_word.mp3],[sound:b3017f93-6da1-4214-9e4e-9e5cb6a38eb0_sentence.mp3],PersianLanguageOnline,Glossika,Persian5k::Noun
tLU1FjtnOF,a0b0aa0a-e16e-49f6-8628-52bd6613913c,62,131,86 | 9619,Conjunction,ولی,vali,but,بله من ایرانیم <b>ولی</b> مادرم آلمانیه.,"Bale, man irâni-yam, vali mâdaram âlmâni-ye.","Yes, I’m Iranian, but my mother’s German.",[sound:a0b0aa0a-e16e-49f6-8628-52bd6613913c_word.mp3],[sound:a0b0aa0a-e16e-49f6-8628-52bd6613913c_sentence.mp3],PersianLanguageOnline,PersianLanguageOnline,Persian5k::Conjunction
hB$D;xF^[?,d7e68264-a051-40bb-bbe6-c9fb4e7fcea5,63,770,86 | 1628,Noun,اهل,ahl,"native of;<br>inhabitant, citizen",<b>اهل</b> کجایی، رابِرت؟,"Ahl-e kojâ-yi, râbert?",Where are you from Robert?,[sound:d7e68264-a051-40bb-bbe6-c9fb4e7fcea5_word.mp3],[sound:d7e68264-a051-40bb-bbe6-c9fb4e7fcea5_sentence.mp3],Farsi School,PersianLanguageOnline,Persian5k::Noun
M=mW:Cp5Sm,6f21054d-715b-44fe-a8a6-3f2ad4339004,64,43,82 | 36695,Proper Noun,ایران,irân,Iran,کجای <b>ایران</b>؟,Kojâ-ye irân?,Where in Iran?,[sound:6f21054d-715b-44fe-a8a6-3f2ad4339004_word.mp3],[sound:6f21054d-715b-44fe-a8a6-3f2ad4339004_sentence.mp3],PersianLanguageOnline,PersianLanguageOnline,Persian5k::Proper-Noun
P6dWE^aVzN,10560144-b732-42a5-8028-b2bb82d4b360,65,128,71 | 20988,Verb,رفتن,raftan,to go;<br>to leave;<br>to depart,اون داره کجا <b>میره</b>؟,Un dâre kojâ mire?,Where's she going?,[sound:10560144-b732-42a5-8028-b2bb82d4b360_word.mp3],[sound:10560144-b732-42a5-8028-b2bb82d4b360_sentence.mp3],PersianLanguageOnline,Glossika,Persian5k::Verb
Ljs;p$J*J=,b5dfad42-db60-4c14-bee3-11b771b3617a,66,,,Pronoun,آن‌ها <i>|</i> اون‌ها <i>|</i> اونا,ân-hâ | un-hâ | un-â,they,<b>اونها</b> فردا صبح ميرن.,Un-hâ fardâ sobh miran.,They're leaving tomorrow morning.,[sound:b5dfad42-db60-4c14-bee3-11b771b3617a_word.mp3],[sound:b5dfad42-db60-4c14-bee3-11b771b3617a_sentence.mp3],Helia,Glossika,Persian5k::Pronoun
QS`+!&he3g,b6341104-c640-4419-9800-cd45f3f80370,67,1062,77 | 2029,Proper Noun,لندن,landan,London,‫جان اهل <b>لندن</b> است.‬,Jân ahl-e landan ast.,John is from London.,[sound:b6341104-c640-4419-9800-cd45f3f80370_word.mp3],[sound:b6341104-c640-4419-9800-cd45f3f80370_sentence.mp3],PersianPod101,Farsi School,"Persian5k::Proper-Noun, Persian5k::Topic::Cities"
lYO#IbNi7r,e1f966b0-9d9e-4009-8983-49eb71701f51,68,419,86 | 3122,Noun,مدرسه,madrese,school,اون <b>مدرسه</b> ست.,Un madres-ast.,He's at school.,[sound:e1f966b0-9d9e-4009-8983-49eb71701f51_word.mp3],[sound:e1f966b0-9d9e-4009-8983-49eb71701f51_sentence.mp3],PersianPod101,Glossika,Persian5k::Noun
Ij}w;+=/qj,bae43a54-77f9-444d-b10a-9fa8e97d1d0d,70,7,89 | 301087,Preposition,در,dar,"at, in;<br>inside, within",‫ما <b>در</b> مدرسه هستیم.‬,Mâ dar madrese hastim.,We are at school.,[sound:bae43a54-77f9-444d-b10a-9fa8e97d1d0d_word.mp3],[sound:bae43a54-77f9-444d-b10a-9fa8e97d1d0d_sentence.mp3],PersianPod101,Goethe Verlag,Persian5k::Preposition
vG&]Dy6oi7,a47b9d7f-3903-42e4-baeb-d5e7f509133d,71,2009,86 | 430,Noun,قطار,ġatâr,train,<b>قطار</b> دیر کرده است.,Ġatâr dir karde ast.,The train's running late.,[sound:a47b9d7f-3903-42e4-baeb-d5e7f509133d_word.mp3],[sound:a47b9d7f-3903-42e4-baeb-d5e7f509133d_sentence.mp3],FarsiSchool,PersianPod101,Persian5k::Noun
"v3,$KUJ{El",79089587-b285-4ae2-a8df-d7775a5df908,72,1412,84 | 902,Proper Noun,شیراز,širâz,Shiraz,این قطار میره <b>شیراز</b>؟,In ġatâr mire shirâz?,Does this train go to Shiraz?,[sound:79089587-b285-4ae2-a8df-d7775a5df908_word.mp3],[sound:79089587-b285-4ae2-a8df-d7775a5df908_sentence.mp3],PersianPod101,Pimsleur,"Persian5k::Proper-Noun, Persian5k::Topic::Cities"
eE}YqVbz9o,883d953a-788e-4fd1-a05e-abbddab4903b,73,2478,87 | 286,"Adjective, Noun",شیرازی,širâzi,"Shirazi, from Shiraz",شیراز. من <b>شیرازی</b>م.,Širâz. Man širâzi-yam.,Shiraz. I’m from Shiraz.,[sound:883d953a-788e-4fd1-a05e-abbddab4903b_word.mp3],[sound:883d953a-788e-4fd1-a05e-abbddab4903b_sentence.mp3],PersianLanguageOnline,PersianLanguageOnline,"Persian5k::Adjective, Persian5k::Noun, Persian5k::Topic::Cities"
PG1f`?=`}1,1f13618d-e5e3-4ea4-aaab-3fa396b49739,74,36,80 | 46392,Adverb,هم,ham,"also, too",من <b>هم</b>.,Man ham.,Me too.,[sound:1f13618d-e5e3-4ea4-aaab-3fa396b49739_word.mp3],[sound:1f13618d-e5e3-4ea4-aaab-3fa396b49739_sentence.mp3],PersianLanguageOnline,PersianLanguageOnline,Persian5k::Adverb
H-zrr3}Ej+,2be51f28-cd23-48bf-9d7a-5e5a4a61847c,75,110,74 | 20233,"Pronoun, Determiner, Adverb",چه,če,"what?;<br>what..., what a... (exclamatory)",<b>چه</b> خوب. پدر منم شیرازیه.,"Če xub, pedar-e-man-am širâzi-ye.",How nice! My father’s from Shiraz too.,[sound:2be51f28-cd23-48bf-9d7a-5e5a4a61847c_word.mp3],[sound:2be51f28-cd23-48bf-9d7a-5e5a4a61847c_sentence.mp3],PersianLanguageOnline,PersianLanguageOnline,"Persian5k::Adverb, Persian5k::Determiner, Persian5k::Pronoun"
Kj>#gnLwAD,ba37f7ad-4b73-4b19-9909-9fd6e4190459,76,358,76 | 6864,Noun,خانه <i>|</i> خونه,xâne | xune,house,اونها تو <b>خونه</b> هستن.,Unhâ tu xune hastan.,They're at home.,[sound:ba37f7ad-4b73-4b19-9909-9fd6e4190459_word.mp3],[sound:ba37f7ad-4b73-4b19-9909-9fd6e4190459_sentence.mp3],PersianPod101,Glossika,Persian5k::Noun
bz<|B5<;7#,06da47fb-2703-43bc-9c69-baf3082429e7,77,2643,70 | 651,Adverb,امشب,emšab,tonight;<br>this evening,<b>امشب</b> خونه ای؟,Emšab xune-i?,Will you be at home tonight?,[sound:06da47fb-2703-43bc-9c69-baf3082429e7_word.mp3],[sound:06da47fb-2703-43bc-9c69-baf3082429e7_sentence.mp3],PersianPod101,Glossika,Persian5k::Adverb
"l,iOa-FA_-",8e4e4121-0ecc-43fb-bf23-fd2694a1a4d9,78,,,Interjection,به‌به,bah bah,"lovely, wonderful;<br>    bravo, well done",<b>به! به!</b> چه خوب! مَریَم، امشب خونه هستین؟,"Bah! Bah! Če xub! Maryam, emšab xune hastin?","Wow! Great! Maryam, are you at home tonight?",[sound:8e4e4121-0ecc-43fb-bf23-fd2694a1a4d9_word.mp3],[sound:8e4e4121-0ecc-43fb-bf23-fd2694a1a4d9_sentence.mp3],PersianLanguageOnline,PersianLanguageOnline,Persian5k::Interjection
x}Dq9.}d#c,1d914444-d14b-4f4f-9d14-024aa757b386,79,448,85 | 3244,Noun,منزل,manzel,"house;<br>dwelling, residence",بله من و سارا امشب <b>منزل</b> هستیم.,"Bale, man o sârâ emšab manzel hastim.","Yes, Sara and I are at home tonight.",[sound:1d914444-d14b-4f4f-9d14-024aa757b386_word.mp3],[sound:1d914444-d14b-4f4f-9d14-024aa757b386_sentence.mp3],PersianLanguageOnline,PersianLanguageOnline,Persian5k::Noun
BDn<%Ftx$U,f05fb12d-87c1-413f-9ae7-fb29421a3706,80,1567,81 | 907,Proper Noun,پاریس,pâris,Paris,اهل کجایی؟ –  اهل <b>پاریس</b>م.,Ahl-e kojâ-yi? – Ahl-e pâris-am.,Where are you from? – I’m from Paris.,[sound:f05fb12d-87c1-413f-9ae7-fb29421a3706_word.mp3],[sound:f05fb12d-87c1-413f-9ae7-fb29421a3706_sentence.mp3],PersianPod101,PersianLanguageOnline,"Persian5k::Proper-Noun, Persian5k::Topic::Cities"
OGu#dEXYLv,8bb222a0-fcc1-46e3-894e-6f90e05d31c4,69,32,90 | 30277,Pronoun,ما,mâ,"we, us;",‫<b>ما</b> کجا هستیم؟‬,Mâ kojâ hastim?,Where are we?,[sound:8bb222a0-fcc1-46e3-894e-6f90e05d31c4_word.mp3],[sound:8bb222a0-fcc1-46e3-894e-6f90e05d31c4_sentence.mp3],PersianPod101,Goethe Verlag,Persian5k::Pronoun
Q$$|/nlwB^,e4853db7-4b99-4fd6-893d-819dd6a07ffa,81,389,82 | 4417,Proper Noun,فرانسه,farânse,"France;<br>
French language",پاریس کجاست؟ – در <b>فرانسه</b>. تو اهل کجایی، نِدا؟,Pâris kojâ-st? – Dar farânse. To ahl-e kojâ-yi nedâ?,Where is Paris? – In France. Where are you from Neda?,[sound:e4853db7-4b99-4fd6-893d-819dd6a07ffa_word.mp3],[sound:e4853db7-4b99-4fd6-893d-819dd6a07ffa_sentence.mp3],PersianLanguageOnline,PersianLanguageOnline,"Persian5k::Proper-Noun, Persian5k::Topic::Languages, Persian5k::Topic::Nationalities"
B7~=0n-*R>,9f7e2f14-1041-4b1f-8c1e-59f57a4ab3f3,82,611,78 | 3538,Proper Noun,انگلیس,englis,"England;<br>
United Kingdom",لندن کجاست؟ – در <b>انگلیس</b>.,Landan kojâst? – Dar engelis.,Where is London? – It’s in England.,[sound:9f7e2f14-1041-4b1f-8c1e-59f57a4ab3f3_word.mp3],[sound:9f7e2f14-1041-4b1f-8c1e-59f57a4ab3f3_sentence.mp3],PersianLanguageOnline,PersianLanguageOnline,"Persian5k::Proper-Noun, Persian5k::Topic::Nationalities"
pNzeINsEC3,57535450-b5b7-4d69-9248-d6182d259e69,83,1269,74 | 1782,Noun,معلم,mo'allem,teacher,سلام خانوم <b>معلم</b>. اسم من سامانه.,Salâm xânum mo’allem. Esm-e man sâmân-e.,Hello (Miss) teacher. My name’s Saman.,[sound:57535450-b5b7-4d69-9248-d6182d259e69_word.mp3],[sound:57535450-b5b7-4d69-9248-d6182d259e69_sentence.mp3],PersianLanguageOnline,PersianLanguageOnline,"Persian5k::Proper-Noun, Persian5k::Topic::Occupation"
gq!jJj]zqp,462a5768-272a-435b-96b7-742d6007b0d5,84,2296,65 | 984,Noun,شوهر,šohar,husband,منم بد نیستم. بابَک، این <b>شوهر</b>م آرَشه.,"Man-am bad nistam. Bâbak, in šohar-am âraš-e.","I am not bad either. Babak, this is my husband, Arash.",[sound:462a5768-272a-435b-96b7-742d6007b0d5_word.mp3],[sound:462a5768-272a-435b-96b7-742d6007b0d5_sentence.mp3],PersianLanguageOnline,PersianLanguageOnline,Persian5k::Noun
"I],=E8T~[<",1c83a859-5e34-43f5-8dd1-e9ba4d2c6479,85,336,89 | 3070,"Noun, Adjective",استاد,ostâd,"professor;<br>
master;<br>
skilled, expert",سارا، بابَک <b>استاد</b>ه.,"Sârâ, bâbak ostâd-e.","Sara, Babak is a professor.",[sound:1c83a859-5e34-43f5-8dd1-e9ba4d2c6479_word.mp3.mp3],[sound:1c83a859-5e34-43f5-8dd1-e9ba4d2c6479_sentence.mp3],PersianPod101,PersianLanguageOnline,"Persian5k::Adjective, Persian5k::Noun, Persian5k::Topic::Occupation"
cDs`qM].t-,60e9127f-744c-45f4-ba33-ddf462d84efc,86,1782,58 | 1885,Verb,فهمیدن,fahmidan,to understand,<b>نمی‌فهمم</b>.,Nemi-fahman.,I don't understand.,[sound:60e9127f-744c-45f4-ba33-ddf462d84efc_word.mp3],[sound:60e9127f-744c-45f4-ba33-ddf462d84efc_sentence.mp3],PersianPod101,PersianPod101,Persian5k::Verb
DJp3Rx)O$Y,407206d2-d82e-4e14-a4ce-74971cf301f7,87,981,78 | 2062,Noun,فارسی,fârsi,Persian,تو <b>فارسی</b> می‌فهمی.,To fârsi mi-fahmi.,You understand Persian.,[sound:407206d2-d82e-4e14-a4ce-74971cf301f7_word.mp3],[sound:407206d2-d82e-4e14-a4ce-74971cf301f7_sentence.mp3],PersianPod101,Chai &amp; Conversation,Persian5k::Noun
D<4;9L!QNY,bb2be288-3c28-471f-bcf8-6b010dbe64ed,88,383,81 | 4946,Noun,زبان <i>|</i> زبون,zabân | zabun,tongue (body part);<br>language,استاد چی؟ – استاد <b>زبان</b> فارسی.,Ostâd-e chi? – Ostâd-e zabân-e fârsi.,A professor of what? – A Persian language professor.,[sound:bb2be288-3c28-471f-bcf8-6b010dbe64ed_word.mp3],[sound:bb2be288-3c28-471f-bcf8-6b010dbe64ed_sentence.mp3],PersianLanguageOnline,PersianLanguageOnline,Persian5k::Noun
sR@x!v/c5.,230e6f04-b65a-4360-8453-9287736f9d7e,89,27,94 | 18832,Noun,کار,kâr,"work;<br>occupation, job;<br>activity",<b>کار</b> دارم.,Kâr dâram.,I have work.,[sound:230e6f04-b65a-4360-8453-9287736f9d7e_word.mp3],[sound:230e6f04-b65a-4360-8453-9287736f9d7e_sentence.mp3],PersianLanguageOnline,Pimsleur,Persian5k::Noun
s:G=(K5.*D,b577ee91-040a-4d5d-83b4-3d89a3f93582,90,841,81 | 2127,Verb,کار کردن,kâr kardan,to work;<br>to function,چه خوب. کجا <b>کار می کنی</b>؟,Če xub. Kojâ kâr mi-koni?,Cool. Where do you work?,[sound:b577ee91-040a-4d5d-83b4-3d89a3f93582_word.mp3],[sound:b577ee91-040a-4d5d-83b4-3d89a3f93582_sentence.mp3],PersianLanguageOnline,PersianLanguageOnline,Persian5k::Verb
"iE^-O~F,aj",fd9b5e94-ae50-4924-884b-4d173dcdb257,91,2430,75 | 595,Noun,خواهر,xâhar,sister,<b>خواهر</b>ت کجا کار می‌کنه؟,Xâhar-et kojâ kâr mi-kone?,Where does your sister work?,[sound:fd9b5e94-ae50-4924-884b-4d173dcdb257.mp3],[sound:fd9b5e94-ae50-4924-884b-4d173dcdb257_sentence.mp3],PersianLanguageOnline,Glossika,Persian5k::Noun
q_>S#/m-CT,3d65b72d-1747-4deb-9fea-489687e51faf,92,417,81 | 4558,Noun,شب,šab,night;<br>evening,<b>شب</b> کار می‌کنی؟,Šab kâr mi-koni?,Do you work at night?,[sound:3d65b72d-1747-4deb-9fea-489687e51faf_word.mp3],[sound:3d65b72d-1747-4deb-9fea-489687e51faf_sentence.mp3],PersianPod101,Glossika,Persian5k::Noun
uPPZ^wTDN{,b7cca25d-f7a4-4fb5-aa34-862a7cfb7638,93,19,95 | 24037,Verb,بایستن,bâyestan,"to be necessary;<br>must, ought",اون <b>باید</b> کار کنه.,Un bâyad kɑr kone.,He has to work.,[sound:b7cca25d-f7a4-4fb5-aa34-862a7cfb7638_word.mp3],[sound:b7cca25d-f7a4-4fb5-aa34-862a7cfb7638_sentence.mp3],Farsi School,Glossika,Persian5k::Verb
"b,lX@kko0s",a5e7616a-b842-4836-b734-e08b54b0c813,94,200,87 | 6092,Noun,کتاب,ketâb,book,اون داره <b>کتاب</b> میخونه.,Un dâre ketâb mi-xune.,She's reading a book.,[sound:a5e7616a-b842-4836-b734-e08b54b0c813_word.mp3],[sound:a5e7616a-b842-4836-b734-e08b54b0c813_sentence.mp3],Farsi School,Glossika,Persian5k::Noun
"Fy,].YKRrN",32e34a22-40e1-4132-961f-5a0417e7050b,95,962,88 | 1125,Adjective,جالب,jâleb,interesting;<br>attractive,خیلی <b>جالب</b>ه.,Xeyli jâleb-e.,It's very interesting.,[sound:32e34a22-40e1-4132-961f-5a0417e7050b_word.mp3],[sound:32e34a22-40e1-4132-961f-5a0417e7050b_sentence.mp3],PersianLanguageOnline,Glossika,Persian5k::Adjective
cWM4#t*nv-,2c4ad191-0a55-48fb-9c31-ae91e5339a7d,96,1413,41 | 4452,Adverb,آره,âre,yeah;<br>yes,دیر کردم؟ — <b>آره</b>، دیر کردی.,"Dir kardam? — Âre, dir kardi.","Am I late? — Yes, you are late.",[sound:2c4ad191-0a55-48fb-9c31-ae91e5339a7d_word.mp3],[sound:2c4ad191-0a55-48fb-9c31-ae91e5339a7d_sentence.mp3],PersianLanguageOnline,Glossika,Persian5k::Adverb
GC+F=O2X(N,40b4e0a0-0874-4ee7-a66a-648a94129816,97,571,90 | 1656,"Adjective, Adverb",سخت,saxt,"hard, difficult (of a task);<br>
hard, solid (of a material);<br>
exceedingly, extremely, very",ما خیلی <b>سخت</b> کار نمیکنیم.,Mâ xeyli saxt kâr nemi-konim.,We don't work very hard.,[sound:40b4e0a0-0874-4ee7-a66a-648a94129816_word.mp3],[sound:40b4e0a0-0874-4ee7-a66a-648a94129816_sentence.mp3],PersianLanguageOnline,Glossika,"Persian5k::Adjective, Persian5k::Adverb"
wprkBQ$x;s,f1c004bb-bea0-4114-928a-0791767b983f,98,859,69 | 3559,Noun,دختر,doxtar,daughter;<br>girl,تو <b>دختر</b> من هستی.,To doxtar-e man hasti.,You are my daughter.,[sound:f1c004bb-bea0-4114-928a-0791767b983f_word.mp3],[sound:f1c004bb-bea0-4114-928a-0791767b983f_sentence.mp3],PersianLanguageOnline,Pimsleur,Persian5k::Noun
N0!-jngLFq,4ae2cade-b649-43cd-abc1-80bf1e029758,99,,,Noun,دوست‌دختر,dust-doxtar,girlfriend,<b>دوست دختر</b> دارم.,Dust-doxtar dâram.,I have a girlfriend.,[sound:4ae2cade-b649-43cd-abc1-80bf1e029758_word.mp3],[sound:4ae2cade-b649-43cd-abc1-80bf1e029758_sentence.mp3],PersianPod101,Pimsleur,Persian5k::Noun
Mj;C3!n::f,340b945e-6730-432f-8aff-3db898448ef5,100,1767,84 | 601,Noun,شغل,šoġl,"job, work, employment, occupation",دوست دخترت <b>شغل</b>ش چیه؟,Dust-doxtar-et šoġleš čie?,What does your girlfriend do?,[sound:340b945e-6730-432f-8aff-3db898448ef5_word.mp3],[sound:340b945e-6730-432f-8aff-3db898448ef5_sentence.mp3],PersianLanguageOnline,Glossika,Persian5k::Noun
v>$CtPu!2=,5f0cd79f-264a-4ff6-ba79-ee5f09661cef,101,3,97 | 258065,Preposition,از,az,"of, from;<br>since;<br>than <i>(in comparisons)</i>",<b>از</b> اینجا هستی؟,Az innjâ hasti?,Are you from here?,[sound:5f0cd79f-264a-4ff6-ba79-ee5f09661cef_word.mp3],[sound:5f0cd79f-264a-4ff6-ba79-ee5f09661cef_sentence.mp3],PersianLanguageOnline,Chai &amp; Conversation,Persian5k::Preposition
L<~MYxplt?,d7a38049-47ab-4467-b836-f9b78470d50b,102,140,78 | 14116,Proper Noun,تهران,tehrân,Tehran,من از <b>تهران</b> هستم.,Man az tehrân hastam.,I am from Tehran.,[sound:d7a38049-47ab-4467-b836-f9b78470d50b_word.mp3],[sound:d7a38049-47ab-4467-b836-f9b78470d50b_sentence.mp3],PersianPod101,Chai &amp; Conversation,Persian5k::Proper-Noun
v#7wRMtpo_,6f1904e7-026a-4c33-b82a-c360bb1f5c0a,103,312,82 | 5665,Noun,دانشگاه,dânešgâh,university,تو <b>دانشگاه</b> تهران. سارا، شغل شما چیه؟,"Tu dânešgâh-e tehrân. sârâ, šoġl-e šomâ či-ye?","In the University of Tehran. What do you do, Sara?",[sound:6f1904e7-026a-4c33-b82a-c360bb1f5c0a_word.mp3],[sound:6f1904e7-026a-4c33-b82a-c360bb1f5c0a_sentence.mp3],PersianLanguageOnline,PersianLanguageOnline,Persian5k::Noun
w*5MT[|c*0,f72d4b32-c20d-4faa-acb0-d48ad6fe5559,104,1095,85 | 1210,Noun,بیمارستان,bimârestân,hospital,من تو <b>بیمارستان</b> کار می کنم.,Man tu bimârestân kâr mi-konam.,I work in a hospital.,[sound:f72d4b32-c20d-4faa-acb0-d48ad6fe5559_word.mp3],[sound:f72d4b32-c20d-4faa-acb0-d48ad6fe5559_sentence.mp3],PersianLanguageOnline,PersianLanguageOnline,Persian5k::Noun
jXbP0j2!%K,2d419e71-5d19-4933-aec3-c20c1144f8d0,105,375,80 | 5121,Noun,دکتر,doktor,"doctor, physician;<br>Doctor <i>(title)</i>",من <b>دکتر</b> نيستم.,Man doktor nistam.,I am not a doctor.,[sound:2d419e71-5d19-4933-aec3-c20c1144f8d0_word.mp3],[sound:2d419e71-5d19-4933-aec3-c20c1144f8d0_sentence.mp3],PersianPod101,Defense Language Insitute,Persian5k::Noun
HxX]I)L/Yf,579eecb1-81c8-41f6-af1c-55b51c646ca4,106,570,73 | 5017,"Preposition, Noun",مثل,mesl,"like, similar;<br>    resemblance, similarity",شما <b>مثل</b> مَریَم دکتر هستین؟,Shomâ mesl-e maryam doktor hastin?,Are you a doctor like Maryam?,[sound:579eecb1-81c8-41f6-af1c-55b51c646ca4_word.mp3],[sound:579eecb1-81c8-41f6-af1c-55b51c646ca4_sentence.mp3],PersianLanguageOnline,PersianLanguageOnline,"Persian5k::Noun, Persian5k::Preposition"
OwhUB$^ug$,ad0d7dbd-19d7-4b5b-8f04-833e8dac4ab6,107,4233,65 | 317,Noun,پرستار,parastâr,nurse,نه من دکتر نیستم. من <b>پرستار</b>م.,"Na, man doktor nistam. Man parastâr-am.","No, I’m not a doctor. I’m a nurse.",[sound:ad0d7dbd-19d7-4b5b-8f04-833e8dac4ab6_word.mp3],[sound:ad0d7dbd-19d7-4b5b-8f04-833e8dac4ab6_sentence.mp3],PersianLanguageOnline,PersianLanguageOnline,Persian5k::Noun
Al=nn~Z2!&,5a7ffb48-f585-40fa-8fde-508929114e87,108,682,84 | 2137,Pronoun,کدام <i>|</i> کدوم,kodâm | kodum,which,تو <b>کدوم</b> بیمارستان کار می کنی؟ — بیمارستان دِی.,Tu kodum bimârestân kâr mi-koni? — Bimârestân-e dey.,Which hospital do you work in? — Dey hospital.,[sound:5a7ffb48-f585-40fa-8fde-508929114e87_word.mp3],[sound:5a7ffb48-f585-40fa-8fde-508929114e87_sentence.mp3],PersianLanguageOnline,PersianLanguageOnline,Persian5k::Pronoun
eX!obo7s#i,07bc68ff-f36a-42e6-b05b-84330f3aeb2b,109,598,82 | 2816,Noun,پلیس,polis,"police;<br>policeman, policewoman",شغل پدرت چیه؟ — اون <b>پلیس</b>ه.,Šoġl-e pedar-et či-ye? — Un polis-e.,What’s your father’s job? — He’s a policeman.,[sound:07bc68ff-f36a-42e6-b05b-84330f3aeb2b_word.mp3],[sound:07bc68ff-f36a-42e6-b05b-84330f3aeb2b_sentence.mp3],PersianLanguageOnline,PersianLanguageOnline,"Persian5k::Noun, Persian5k::Topic::Occupation"
"gET,:LxLf`",cbb9a650-fa9c-4bc3-bfad-2215632f2381,110,594,82 | 2980,Proper Noun,آلمان,âlmân,Germany,تو ایران کار می کنه؟ — نه تو <b>آلمان</b> کار می کنه.,"Tu irân kâr mi-kone? — Na, tu âlmân kâr mi-kone.","Does he work in Iran? — No, he works in Germany.",[sound:cbb9a650-fa9c-4bc3-bfad-2215632f2381_word.mp3],[sound:cbb9a650-fa9c-4bc3-bfad-2215632f2381_sentence.mp3],PersianLanguageOnline,PersianLanguageOnline,"Persian5k::Proper-NouN, Persian5k::Topic::Nationalities"
HFZgzan}e.,8181078f-a1e3-47c3-82d7-eb27a0abb342,111,2982,62 | 699,Noun,دانش‌آموز,dâneš-âmuz,"pupil;<br>student, a schoolchild, a person who attends school",شغلت چیه؟ — من <b>دانش آموز</b>م.,Šoġl-et či-ye? — Man dânešâmuz-am.,What’s your job? — I’m a (school) student.,[sound:8181078f-a1e3-47c3-82d7-eb27a0abb342_word.mp3],[sound:8181078f-a1e3-47c3-82d7-eb27a0abb342_sentence.mp3],PersianLanguageOnline,PersianLanguageOnline,Persian5k::Noun
q:Q7Ywu70q,9f3ba0f8-d075-4a98-a8ce-bc2c6914bc21,112,521,86 | 2652,Noun,دانشجو,dânešju,university student;<br>higher education student,کدوم مدرسه؟ — مدرسۀ اَدَب. کار شما چیه؟ — من <b>دانشجو</b> هستم.,Kodum madrese? — Madrese-ye adab. Kâr-e šomâ či-ye? — Man dânešju hastam.,Which school? — Adab school. What do you do? — I’m a (university) student.,[sound:9f3ba0f8-d075-4a98-a8ce-bc2c6914bc21_word.mp3],[sound:9f3ba0f8-d075-4a98-a8ce-bc2c6914bc21_sentence.mp3],PersianLanguageOnline,PersianLanguageOnline,Persian5k::Noun
daW!}&x/Yf,7e803c96-a721-4d0b-b0e8-a9dfc119753e,113,373,90 | 2420,Noun,رشته,rešte,"field of study, subject",من دانشجو هستم. — چه <b>رشته</b> ای؟,Man dânešju hastam. — Če rešte-i?,I’m a (university) student. — What subject?,[sound:7e803c96-a721-4d0b-b0e8-a9dfc119753e_word.mp3],[sound:7e803c96-a721-4d0b-b0e8-a9dfc119753e_sentence.mp3],PersianLanguageOnline,PersianLanguageOnline,Persian5k::Noun
D4F&jUdfkr,eb307250-c1ec-4852-9ada-006993e84466,114,1776,76 | 945,Noun,معماری,me'mâri,architecture,چه رشته ای؟ — رشته <b>معماری</b>.,Če rešte-i? — rešte-ye me'mâri.,What subject? — (The subject of) architecture.,[sound:eb307250-c1ec-4852-9ada-006993e84466_word.mp3],[sound:eb307250-c1ec-4852-9ada-006993e84466_sentence.mp3],PersianLanguageOnline,PersianLanguageOnline,Persian5k::Noun
C$vDL_+~v_,151efcea-3692-4960-9ae0-7ef58f6bab44,115,30,93 | 20471,Noun,روز,ruz,day,<b>روز</b> خوبی نداشته.,Ruz-e xub-i nadâšt-e.,He hasn’t had a good day.,[sound:151efcea-3692-4960-9ae0-7ef58f6bab44_word.mp3],[sound:151efcea-3692-4960-9ae0-7ef58f6bab44_sentence.mp3],PersianLanguageOnline,Pimsleur,Persian5k::Noun
DhZpy=I7nr,0a944ed5-cd92-48f8-9f47-01e33f2d8a90,116,1010,84 | 1370,Noun,کلاس,kelâs,class,چه روزی <b>کلاس</b> فارسی داریم؟,Če ruz-i kelâs-e fârsi dârim?,What day do we have Persian class?,[sound:0a944ed5-cd92-48f8-9f47-01e33f2d8a90_word.mp3],[sound:0a944ed5-cd92-48f8-9f47-01e33f2d8a90_sentence.mp3],PersianLanguageOnline,PersianLanguageOnline,Persian5k::Noun
MBcoJiP@jE,669f1af6-ddc6-4aaf-9b2c-1ea8e874cdba,117,,,Noun,همکلاس,ham-kelâs,classmate,شما دوست داریوش هستین؟ — بله من <b>همکلاس</b> داریوشم.,"Šomâ dust-e dâryuš hastin? — Bale, man ham-kelâs-e-dâryuš-am.","Are you Dariush’s friend? — Yes, I’m Dariush’s classmate.",[sound:669f1af6-ddc6-4aaf-9b2c-1ea8e874cdba_word.mp3],[sound:669f1af6-ddc6-4aaf-9b2c-1ea8e874cdba_sentence.mp3],PersianLanguageOnline,PersianLanguageOnline,Persian5k::Noun
u`54w0_}gK,9f86c11e-1778-4359-8e58-187d3e99053c,118,,,Noun,فامیلی,fâmili,"surname, family name",<b>فامیلی</b> شما چیه؟ — <b>فامیلی</b> من اَخَوانه.,Fâmili-ye šomâ či-ye? — Fâmili-ye man axavân-e.,What’s your surname? — My surname’s Akhavan.,[sound:9f86c11e-1778-4359-8e58-187d3e99053c_word.mp3],[sound:9f86c11e-1778-4359-8e58-187d3e99053c_sentence.mp3],Farsi School,PersianLanguageOnline,Persian5k::Noun
w8bfR)/b~!,d8f7cda5-22aa-4a7e-a55e-ab4821857d83,119,1263,76 | 1572,Noun,برادر,barâdar,brother,اَخَوان؟ شما <b>برادر</b> سارا نیستین؟,Axavân? Šomâ barâdar-e sârâ nistin?,Akhavan? Aren’t you Sara’s brother?,[sound:d8f7cda5-22aa-4a7e-a55e-ab4821857d83_word.mp3],[sound:d8f7cda5-22aa-4a7e-a55e-ab4821857d83_sentence.mp3],PersianLanguageOnline,PersianLanguageOnline,Persian5k::Noun
Nr2W1=`[i~,281ac752-1806-40ac-bfa3-d76bb98ccf32,120,38,95 | 9719,Adjective,بزرگ,bozorg,"large, big;<br>great;<br>major",‫سگ <b>بزرگ</b> است.‬,Sag bozorg ast.,The dog is big.,[sound:281ac752-1806-40ac-bfa3-d76bb98ccf32_word.mp3],[sound:281ac752-1806-40ac-bfa3-d76bb98ccf32_sentence.mp3],PersianLanguageOnline,PersianLanguageOnline,Persian5k::Noun
lfJhO7kKg0,81e48c62-a58d-49d5-a27d-e95fa51ba2e8,121,386,80 | 5212,"Adverb, Interjection",چرا,čerâ,"why?;<br>(response to a negative question or statement) yes, surely",<b>چرا</b>، من برادر بزرگشم.,"Čerâ, man barâdar-e bozorg-eš-am.","Yes, I am her older brother.",[sound:81e48c62-a58d-49d5-a27d-e95fa51ba2e8_word.mp3],[sound:81e48c62-a58d-49d5-a27d-e95fa51ba2e8_sentence.mp3],PersianLanguageOnline,PersianLanguageOnline,"languages::Interjection, Persian5k::Adverb"
b+1d_z{tXb,20ba6bc0-02b3-49b9-b683-f8e72e0a2ac4,122,282,89 | 3633,Noun,خانواده <i>|</i> خونواده,xâne-vâde | xune-vâde,family;<br>household,‫<b>خانواده</b> بزرگ است.‬,Xâne-vâde bozorg ast.,The family is big.,[sound:20ba6bc0-02b3-49b9-b683-f8e72e0a2ac4_word.mp3],[sound:20ba6bc0-02b3-49b9-b683-f8e72e0a2ac4_sentence.mp3],PersianPod101 | Forvo,Goethe Verlag,Persian5k::Noun
ym^w:fJ]GO,b471a631-af15-4d7a-87e5-85fb8a246372,123,742,84 | 2012,Noun,عکس,aks,"photograph, picture",چه جالب. <b>عکس</b> از خونوادت داری؟,Če jâleb. Aks az xune-vâd-at dâri?,How interesting. Have you got photos of your family?,[sound:b471a631-af15-4d7a-87e5-85fb8a246372_word.mp3],[sound:b471a631-af15-4d7a-87e5-85fb8a246372_sentence.mp3],PersianLanguageOnline,PersianLanguageOnline,Persian5k::Noun
Lb2hR7NEBD,ff189d03-5aab-4445-840d-facf794a6d3e,125,1931,60 | 1586,Pronoun,کی,ki,who?,این خانوم <b>کی</b>ه؟ — این مامانمه.,In xânum ki-ye? — In mâmân-am-e.,Who’s this lady? — This is my mum.,[sound:ff189d03-5aab-4445-840d-facf794a6d3e_word.mp3],[sound:ff189d03-5aab-4445-840d-facf794a6d3e_sentence.mp3],PersianLanguageOnline,PersianLanguageOnline,Persian5k::Pronoun
"A,xDI}~BF=",9df417cd-c278-4434-b3c6-adaac2ddcd3b,124,,,Noun,آلبوم,âlbom,album,این چیه؟ — <b>آلبوم</b> عکسه.,In či-ye? — Âlbom-e aks.e.,What’s this? — It’s a photo album.,[sound:9df417cd-c278-4434-b3c6-adaac2ddcd3b_word.mp3],[sound:9df417cd-c278-4434-b3c6-adaac2ddcd3b_sentence.mp3],Farsi School,PersianLanguageOnline,Persian5k::Pronoun
p(0>picNFP,a79067b3-9224-4e44-843d-3e28f9f7db7c,126,,,Noun,مادر بزرگ,mâdar-bozorg,grandmother,این خانوم چطور؟ — <b>مادر بزرگ</b>مه.,In xânum četor? — Mâdar bozorg-am-e.,How about this lady? — It’s my grandmother.,[sound:a79067b3-9224-4e44-843d-3e28f9f7db7c_word.mp3],[sound:a79067b3-9224-4e44-843d-3e28f9f7db7c_sentence.mp3],Farsi School,PersianLanguageOnline,"Persian5k::Pronoun, Persian5k::Topic::Family"
"F_ii@h,:U%",d987b7ce-20c7-416d-a691-0e03ad8594ff,127,135,85 | 10023,Noun,آقا,âġâ,"Mr., sir;<br>gentleman, lord",این <b>آقا</b> کیه؟ — اون پدرمه.,In âġâ ki-ye? — Un pedar-am-e.,Who’s this man? — That’s my father.,[sound:d987b7ce-20c7-416d-a691-0e03ad8594ff_word.mp3],[sound:d987b7ce-20c7-416d-a691-0e03ad8594ff_sentence.mp3],Farsi School,PersianLanguageOnline,Persian5k::Noun
I}DeNraz)Y,79558d61-589d-4bd5-bc7d-51ce1870f2d3,128,12,94 | 75302,"Numeral, Noun",یک <i>|</i> یه,yek | ye,one,‫و او <b>یک</b> کتاب خواند.‬,Va u yek ketâb xând.,And she read a book.,[sound:79558d61-589d-4bd5-bc7d-51ce1870f2d3_word.mp3],[sound:79558d61-589d-4bd5-bc7d-51ce1870f2d3_sentence.mp3],Persianpod101,Goethe Verlag,"Persian5k::Noun, Persian5k::Numeral"
n_cYKi(OXC,33abf566-7154-4428-95a6-98a2aac705c1,129,1335,64 | 2457,Adverb,الان,alân,now,<b>الان</b> خونه نیستن.,Alân xune nistan.,They're not at home now.,[sound:33abf566-7154-4428-95a6-98a2aac705c1_word.mp3],[sound:33abf566-7154-4428-95a6-98a2aac705c1_sentence.mp3],Persianpod101,Glossika,Persian5k::Adverb
kqkHHG3[*.,10c5b263-97a4-486f-b66f-399fe529c0a0,130,,,Particle,را <i>|</i> رو <i>|</i> و,râ | ro | o,direct object marker,‫من الان دارم این کتاب <b>را</b> می‌خوانم.‬,Man alân dâram in ketâb râ mixânam.,I am currently reading this book.,[sound:10c5b263-97a4-486f-b66f-399fe529c0a0_word.mp3],[sound:10c5b263-97a4-486f-b66f-399fe529c0a0_sentence.mp3],Farshi School | Persianpod101,Goethe Verlag,Persian5k::Particle
"N1,s0r)YRw",6438abd7-15ed-48f3-8b61-fa628c5abce6,131,87,85 | 14379,Verb,دانستن <i>|</i> دونستن ,dânestan | dunestan,to know (something),کِلی کجاست؟ — <b>نمیدونم</b>.,Keli kojâ-st? — Nemi-dunam.,Where's Kelly? — I don't know.,[sound:6438abd7-15ed-48f3-8b61-fa628c5abce6_word.mp3],[sound:6438abd7-15ed-48f3-8b61-fa628c5abce6_sentence.mp3],Persianpod101,Glossika,Persian5k::Verb
Bf&VimY=^^,9c4e0363-2068-4a8e-bdaa-483f3750a9ac,132,13,92 | 71442,"Determiner, Pronoun",آن <i>|</i> اون,ân | un,"that;<br>
it",‫من <b>آن</b> را می دانم – من <b>آن</b> را می دانستم.‬,Man ân râ mi-dânam — Man ân râ mi-dânestam.,I know that – I knew that.,[sound:9c4e0363-2068-4a8e-bdaa-483f3750a9ac_word.mp3],[sound:9c4e0363-2068-4a8e-bdaa-483f3750a9ac_sentence.mp3],Persianpod101,Goethe Verlag,"Persian5k::Determiner, Persian5k::Pronoun"
kW>2XEzDC_,8c854a93-7d92-43a8-9812-451b22b0a99e,133,122,92 | 5627,Adjective,جوان <i>|</i> جوون,javân | javun,young;<br>youthful,اون پسر <b>جوون</b> کیه؟ — برادرمه.,Un pesar-e javun ki-ye? — Barâdar-am-e.,Who’s that young boy? — He’s my brother.,[sound:8c854a93-7d92-43a8-9812-451b22b0a99e_word.mp3],[sound:8c854a93-7d92-43a8-9812-451b22b0a99e_sentence.mp3],PersianPod101 | Forvo,PersianLanguageOnline,Persian5k::Adjective
L1SJ#_hu7X,4125531c-50b4-48c6-8497-534a1c88e37e,134,893,85 | 1549,Noun,تلویزیون,televizyon,television,<b>تلویزیون</b> چی داره؟,Televizyon chi dâre?,What is there on TV?,[sound:4125531c-50b4-48c6-8497-534a1c88e37e_word.mp3],[sound:4125531c-50b4-48c6-8497-534a1c88e37e_sentence.mp3],PersianPod101,PersianLanguageOnline,Persian5k::Noun
Fr$v3g9BuC,d408a9da-0b12-4f6e-b2dd-94a5591e7321,135,476,89 | 2088,Noun,شنبه,šanbe,Saturday,‫امروز <b>شنبه</b> است.‬,Emruz šanbe ast.,Today is Saturday.,[sound:d408a9da-0b12-4f6e-b2dd-94a5591e7321_word.mp3],[sound:d408a9da-0b12-4f6e-b2dd-94a5591e7321_sentence.mp3],PersianLanguageOnline,Goethe Verlag,"Persian5k::Topic::Days-of-the-week, Persian5k::Noun"
qRYQPuRy(],9a570bb8-6ef7-43b6-9a14-7cd723912444,136,67,92 | 9282,"Adverb, Determiner",چند,čand,"how many?, how much?;<br>how long (in time)?;<br>some, a few, several",امروز <b>چند</b> شنبه است؟,Emruz čand šanb-ast?,What day is it today?,[sound:9a570bb8-6ef7-43b6-9a14-7cd723912444_word.mp3],[sound:9a570bb8-6ef7-43b6-9a14-7cd723912444_sentence.mp3],PersianLanguageOnline,PersianLanguageOnline,"Persian5k::Adverb, Persian5k::Determiner"
y_]WfD#*D?,f0b3646f-7164-492a-80fc-35de9af66b1d,137,378,76 | 6475,Noun,فیلم,film,"film, movie",الان <b>فیلم</b> داره.,Alân film dâre.,There is a film on now.,[sound:f0b3646f-7164-492a-80fc-35de9af66b1d_word.mp3],[sound:f0b3646f-7164-492a-80fc-35de9af66b1d_sentence.mp3],PersianPod101,PersianLanguageOnline,Persian5k::Noun
i+XyUJg+):,8dfa5201-4f50-4021-a0e7-a2b1b7a1d24a,138,490,79 | 4125,Noun,فوتبال,futbâl,"football, soccer",<b>فوتبال</b> نداره؟ — نه، فردا <b>فوتبال</b> داره.,Futbâl na-dâre? — Na. Fardâ futbâl dâre.,Isn't there football on? — No. There is football on tomorrow.,[sound:8dfa5201-4f50-4021-a0e7-a2b1b7a1d24a_word.mp3],[sound:8dfa5201-4f50-4021-a0e7-a2b1b7a1d24a_sentence.mp3],PersianPod101,PersianLanguageOnline,Persian5k::Noun
vB[`J(=76W,d1a5606c-2470-4fc7-abc2-52670fc46466,139,552,88 | 2061,Noun,جمعه,jom'e,Friday,<b>جمعه</b> چی داره؟,Jom’e či dâre?,What’s on on Friday?,[sound:d1a5606c-2470-4fc7-abc2-52670fc46466_word.mp3],[sound:d1a5606c-2470-4fc7-abc2-52670fc46466_sentence.mp3],PersianLanguageOnline,PersianLanguageOnline,"Persian5k::Topic::Days-of-the-week, Persian5k::Noun"
f5u~qD6J`N,4a891121-6d23-489a-ab5f-66bb9cf4c0d4,140,2798,78 | 401,Noun,تعطیل,ta'til,"vacation, holiday;<br>suspension <i>(of work, of activity)</i>",جمعه تو ایران <b>تعطیل</b>ه.,Jom’e tu irân ta'til-e.,Friday is holiday in Iran.,[sound:4a891121-6d23-489a-ab5f-66bb9cf4c0d4_word.mp3],[sound:4a891121-6d23-489a-ab5f-66bb9cf4c0d4_sentence.mp3],PersianLanguageOnline,PersianLanguageOnline,Persian5k::Noun
G~%0v~uw{m,5a45af77-e31c-43ad-9156-f3899aae4d8b,141,,,Noun,کمدی,comedy,komedi,تلویزیون فیلم <b>کمدی</b> داره.,Televizyon film-e komedi dâre.,There are comedy films on TV.,[sound:5a45af77-e31c-43ad-9156-f3899aae4d8b_word.mp3],[sound:5a45af77-e31c-43ad-9156-f3899aae4d8b_sentence.mp3],PersianPod101,PersianLanguageOnline,Persian5k::Noun
v%c>AQCQZu,74764c30-8427-4267-a2f2-3e1c45f96cd2,142,,,Noun,اخبار,axbâr,news;<br>the news,چه روزی <b>اخبار</b> داره؟,Če ruz-i axbâr dâre?,What day is the news on?,[sound:74764c30-8427-4267-a2f2-3e1c45f96cd2_word.mp3],[sound:74764c30-8427-4267-a2f2-3e1c45f96cd2_sentence.mp3],PersianPod101,PersianLanguageOnline,Persian5k::Noun
QFOwMq_b>b,24b7763e-6701-43a8-b434-1c3cc05aa18c,143,26,93 | 22251,Determiner,هر,har,each;<br>every,<b>هر</b> روز اخبار داره.,Har ruz axbâr dâre.,The news is on every day.,[sound:24b7763e-6701-43a8-b434-1c3cc05aa18c_word.mp3],[sound:24b7763e-6701-43a8-b434-1c3cc05aa18c_sentence.mp3],PersianLanguageOnline,PersianLanguageOnline,Persian5k::Determiner
jPvv:XV/Z+,6e502529-a207-47a9-9f42-433260242a6b,145,3198,66 | 532,"Adverb, Noun",راستی,râsti,"by the way;<br>indeed;<br>truthfulness, truth",<b>راستی</b>، دیروز کجا بودی؟,"Râsti, diruz kojâ budi?","By the way, where were you yesterday?",[sound:6e502529-a207-47a9-9f42-433260242a6b_word.mp3],[sound:6e502529-a207-47a9-9f42-433260242a6b_sentence.mp3],PersianLanguageOnline,PersianLanguageOnline,"Persian5k::Adverb, Persian5k::Noun"
r5;R->j!?s,8d8e3456-b5b6-4c5f-8722-72b6e609b3d2,144,940,73 | 2803,"Adverb, Noun",دیروز,diruz,yesterday,‫<b>دیروز</b> شنبه بود.‬,Diruz šanbe bud.,Yesterday was Saturday.,[sound:8d8e3456-b5b6-4c5f-8722-72b6e609b3d2_word.mp3],[sound:8d8e3456-b5b6-4c5f-8722-72b6e609b3d2_sentence.mp3],PersianLanguageOnline,Goethe Verlag,"Persian5k::Adverb, Persian5k::Noun"
f}85q;bz.W,633e0764-1105-48de-9810-930af691ceeb,146,1099,71 | 2473,Noun,سینما,"sinemâ, sinamâ",cinema,‫من دیروز <b>سینما</b> بودم.‬,Man diruz sinemâ budam.,I was at the cinema yesterday.,[sound:633e0764-1105-48de-9810-930af691ceeb_word.mp3],[sound:633e0764-1105-48de-9810-930af691ceeb_sentence.mp3],PersianPod101,Goethe Verlag,Persian5k::Noun
d<*{bf|NNl,9bf69611-62a2-46fc-8134-a048c3a0f121,147,446,87 | 2701,Adjective,زیاد,ziyâd,"much, a lot;<br>many, several;<br>too much",آره، من <b>زیاد</b> سینما ميرم.,"Âre, man ziyâd sinamɑ mi-ram.","Yes, I go to the movies a lot.",[sound:9bf69611-62a2-46fc-8134-a048c3a0f121_word.mp3],[sound:9bf69611-62a2-46fc-8134-a048c3a0f121_sentence.mp3],PersianLanguageOnline,Glossika,Persian5k::Adjective
g*zxN**&M+,48d49610-f238-41d2-9d23-d1c355950f20,148,494,80 | 3864,Adverb,شاید,šâyad,"maybe, perhaps",<b>شاید</b> امشب برم سینما.,Šâyad emšab beram sinamâ.,I may go to the movies tonight.,[sound:48d49610-f238-41d2-9d23-d1c355950f20_word.mp3],[sound:48d49610-f238-41d2-9d23-d1c355950f20_sentence.mp3],PersianPod101,Glossika,Persian5k::Adverb
"hwrsF3-,[G",af384b3e-71f7-427b-afb9-b7a5779875f8,149,23,92 | 27589,Verb,توانستن,tavânestan,to be able; can,من <b>نمی‌تونم</b> برم سینما.,Man nemi-tunam beram sinamâ.,I can't go to the movies.,[sound:af384b3e-71f7-427b-afb9-b7a5779875f8_word.mp3],[sound:af384b3e-71f7-427b-afb9-b7a5779875f8_sentence.mp3],PersianPod101,Glossika,Persian5k::Verb
Nx+KQiZ]is,213455a4-d23b-49ed-945e-aeb0fab1b5d1,150,242,85 | 5942,Noun,ساعت,sâ'at,"hour, o’clock;<br>watch; clock",<b>ساعت</b> چنده؟,Sâ'at čand-e?,What time is it?,[sound:213455a4-d23b-49ed-945e-aeb0fab1b5d1_word.mp3],[sound:213455a4-d23b-49ed-945e-aeb0fab1b5d1_sentence.mp3],PersianLanguageOnline,Glossika,Persian5k::Noun
wC?6caYz#?,8e6d40bb-be88-42cd-b6e8-47db7ffdc2c1,151,39,87 | 28637,"Numeral, Noun",دو,do,two,‫ساعت <b>دو</b> است.‬,Sâ'at do ast.,It is two o’clock.,[sound:8e6d40bb-be88-42cd-b6e8-47db7ffdc2c1_word.mp3],[sound:8e6d40bb-be88-42cd-b6e8-47db7ffdc2c1_sentence.mp3],PersianLanguageOnline,Goethe Verlag,"Persian5k::Noun, Persian5k::Numeral"
wwjPaO7N:D,e0bad9a8-07bf-4f51-a8a0-e66975a974a4,152,29,89 | 34518,Adverb,دیگر <i>|</i> دیگه,digar | dige,"other;<br>
another, more;<br>
next;<br>
already (An intensifier used to emphasize impatience or express exasperation)", <b>دیگر</b> این کار را نمی کنم. ,Digar in kâr râ nemi-koanm.,I won't do it again.,[sound:e0bad9a8-07bf-4f51-a8a0-e66975a974a4_word.mp3],[sound:e0bad9a8-07bf-4f51-a8a0-e66975a974a4_sentence.mp3],PersianPod101,PersianPod101,Persian5k::Adverb
m+mDxb;9%*,b3ff7bf8-6a92-4bad-925f-6ba152ff1161,153,,,"Adverb, Interjection",لطفا,lotfan,"kindly;<br>
please",<b>لطفا</b> نرو.,Lotfɑn naro.,Please don't go.,[sound:b3ff7bf8-6a92-4bad-925f-6ba152ff1161_word.mp3],[sound:b3ff7bf8-6a92-4bad-925f-6ba152ff1161_sentence.mp3],PersianLanguageOnline,Glossika,"Persian5k::Adverb, Persian5k::Interjection"
KJ!ooL:>kr,a34ea623-4305-434d-94b0-2e323adb32ad,154,96,89 | 8752,Noun,بار,bâr,"time, turn, occasion",یک <b>بار</b> دیگر، لطفا.,"Yek bâr-e digar, lotfan.","Once again, please.",[sound:a34ea623-4305-434d-94b0-2e323adb32ad_word.mp3],[sound:a34ea623-4305-434d-94b0-2e323adb32ad_sentence.mp3],PersianPod101,PersianPod101,Persian5k::Noun
D%arN}=UE2,37a3b6b5-1d22-4368-8e30-5cee11434e9d,155,686,69 | 4755,Verb,خوردن,xordan,to eat,من نمیتونم این رو <b>بخورم</b>.,Man nemi-tunam in ro bo-xoram.,I can't eat this.,[sound:37a3b6b5-1d22-4368-8e30-5cee11434e9d_word.mp3],[sound:37a3b6b5-1d22-4368-8e30-5cee11434e9d_sentence.mp3],PersianPod101,Glossika,Persian5k::Verb
NVbEK~;.3I,291ed68f-c628-481b-b250-0f65c226bbd5,156,1869,82 | 659,Noun,میوه,mive,fruit,اون خیلی زیاد <b>میوه</b> میخوره.,Un xeyli ziyâd mive mi-xore.,She eats a lot of fruit.,[sound:291ed68f-c628-481b-b250-0f65c226bbd5_word.mp3],[sound:291ed68f-c628-481b-b250-0f65c226bbd5_sentence.mp3],PersianPod101,Glossika,Persian5k::Noun
3a?-iJ(F!,fd49f6c6-b3b8-450a-b817-638d0ca6c6d7,157,,,Noun,پرتقال,porteġâl,orange (fruit),من هر روز <b>پرتقال</b> میخورم.,Man har ruz porteġâl mi-xoram.,I eat an orange every day.,[sound:fd49f6c6-b3b8-450a-b817-638d0ca6c6d7_word.mp3],[sound:fd49f6c6-b3b8-450a-b817-638d0ca6c6d7_sentence.mp3],PersianPod101,Glossika,"Persian5k::Noun, Persian5k::Topic::Food::Fruits"
"Q5v,{?&0SG",600adbf3-7f19-4e32-8677-de4574050f7d,158,1434,78 | 1245,Noun,ماهی,mâhi,fish,<b>ماهی</b> میخوره؟,Mâhi mi-xore?,Does he eat fish?,[sound:600adbf3-7f19-4e32-8677-de4574050f7d_word.mp3],[sound:600adbf3-7f19-4e32-8677-de4574050f7d_sentence.mp3],PersianLanguageOnline,Glossika,"Persian5k::Noun, Persian5k::Topic::Animals, Persian5k::Topic::Food"
s%KSbkBLjt,1b9356e8-720a-4502-965b-4fcb808bf63c,159,4538,64 | 284,Noun,سیب,sib,apple,اون داره <b>سیب</b> میخوره.,Un dâre sib mi-xore.,She's eating an apple.,[sound:1b9356e8-720a-4502-965b-4fcb808bf63c_word.mp3],[sound:1b9356e8-720a-4502-965b-4fcb808bf63c_sentence.mp3],PersianPod101,Glossika,"Persian5k::Noun, Persian5k::Topic::Food::Fruits"
raH0Vp{G>M,7d7ea911-c2d4-4b27-86f0-3d77253f885f,162,143,84 | 10186,Adverb,در حالِ,dar hâl-e,"in the middle of, in the process of;<br>while",من <b>در حال</b> غذا خوردن نیستم.,Man dar hâl-e ġazâ xordan nistam.,I'm not (in the process of) eating.,[sound:7d7ea911-c2d4-4b27-86f0-3d77253f885f_word.mp3],[sound:7d7ea911-c2d4-4b27-86f0-3d77253f885f_sentence.mp3],Farsi School,Glossika,Persian5k::Adverb
J[lq5_6g.l,e18ac376-430c-4e19-8bf1-58178f122597,160,1634,72 | 1357,Verb,دوست داشتن,dust dâštan,to like;<br>to love,اونو <b>دوست داری</b>؟,Un-o dust dâri?,Do you love her?,[sound:e18ac376-430c-4e19-8bf1-58178f122597_word.mp3],[sound:e18ac376-430c-4e19-8bf1-58178f122597_sentence.mp3],PersianLanguageOnline,Glossika,Persian5k::Verb
la8e!:]M=E,8cbb3178-dc30-4150-a34f-74b7c48256d1,161,1275,80 | 1293,Noun,غذا,ġazâ,food,<b>غذا</b>ی ایرانی‌ دوست داری؟,Ġazâ-ye irâni dust dâri?,Do you like Iranian food?,[sound:8cbb3178-dc30-4150-a34f-74b7c48256d1_word.mp3],[sound:8cbb3178-dc30-4150-a34f-74b7c48256d1_sentence.mp3],PersianPod101,PersianPod101,"Persian5k::Noun, Persian5k::Topic::Food"
EmtDzQcr+(,fa127248-a885-4eb3-9b3f-23c8b1b73611,163,1635,82 | 796,Noun,گوشت,gušt,meat,اون <b>گوشت</b> نمی‌خوره.,Un gušt nemi-xore.,He doesn't eat meat.,[sound:fa127248-a885-4eb3-9b3f-23c8b1b73611_word.mp3],[sound:fa127248-a885-4eb3-9b3f-23c8b1b73611_sentence.mp3],PersianPod101,Glossika,"Persian5k::Noun, Persian5k::Topic::Food"
z-{JqMGR6[,f2dfc632-f7d8-4edf-8480-63bf3b0097d3,164,142,80 | 12627,Numeral,سه,se,three, این را <b>سه</b> بار در روز بخورید. ,In râ se bâr dar ruz boxorid.,Take this three times a day.,[sound:f2dfc632-f7d8-4edf-8480-63bf3b0097d3_word.mp3],[sound:f2dfc632-f7d8-4edf-8480-63bf3b0097d3_sentence.mp3],PersianLanguageOnline,PersianPod101,Persian5k::Numeral
Hsb!NZxdAj,6ada0329-1b7f-444a-860b-af46a419dcd5,165,2098,65 | 1129,Noun,سه‌شنبه,se-šanbe,Tuesday,راستی، دیروز کجا بودی؟ — دیروز <b>سه شنبه</b> بود. دانشگاه بودم.,"Râsti, diruz kojâ budi? — Diruz se-šanbe bud. Dânešgâh budam.","By the way, where were you yesterday? — Yesterday it was Tuesday. I was at university.",[sound:6ada0329-1b7f-444a-860b-af46a419dcd5_word.mp3],[sound:6ada0329-1b7f-444a-860b-af46a419dcd5_sentence.mp3],PersianLanguageOnline,PersianLanguageOnline,"Persian5k::Noun, Persian5k::Topic::Days-of-the-week"
I6[9tixd?s,07d3b889-5d4d-48e0-9d00-c4cffc7fee7a,166,108,87 | 9861,Adjective,جدید,jadid,"new, recent",ما الان یه ماشین <b>جدید</b> داریم.,Mâ alân ye mâšine jadid dârim.,We have a new car now.,[sound:07d3b889-5d4d-48e0-9d00-c4cffc7fee7a_word.mp3],[sound:07d3b889-5d4d-48e0-9d00-c4cffc7fee7a_sentence.mp3],Farsi School,Glossika,Persian5k::Adjective
QwcHCXK1-o,672c6d69-25e5-462c-be87-135b869b89fb,167,438,71 | 6995,Numeral,چهار,čahâr,four,‫ساعت <b>چهار</b> است.‬,Sâ'at čahâr ast.,It is four o’clock.,[sound:672c6d69-25e5-462c-be87-135b869b89fb_word.mp3],[sound:672c6d69-25e5-462c-be87-135b869b89fb_sentence.mp3],PersianPod101,Goethe Verlag,Persian5k::Numeral
F)_WON-FUj,d8c68516-5590-42ca-8e3f-df4b5245a6e7,168,1433,77 | 1289,Noun,یک‌شنبه, 	yek-šanbe ,Sunday,چه روزی کلاس فارسی داریم؟ — <b>یک شنبه</b>.,Če ruz-i kelâs-e fârsi dârim? — Yek šanbe.,What day do we have Persian class? — Sunday.,[sound:d8c68516-5590-42ca-8e3f-df4b5245a6e7_word.mp3],[sound:d8c68516-5590-42ca-8e3f-df4b5245a6e7_sentence.mp3],PersianLanguageOnline,PersianLanguageOnline,"Persian5k::Noun, Persian5k::Topic::Days-of-the-week"
pRCg*{+>|u,e08aa10e-a3b5-4da1-9b82-4059f8dc8a5b,169,,,"Noun, Adverb",پس‌فردا,pas-fardâ,the day after tomorrow,فردا یک شنبه است؟ — نه فردا شنبه است. کلاس فارسی <b>پس فردا</b>ست.,Fardâ yek-šanb-ast? — Na fardâ šanb-ast. Kelâs-e fârsi pas-fardâ-st.,Is it Sunday tomorrow? — No. Tomorrow it is Saturday. Persian class is the day after tomorrow.,[sound:e08aa10e-a3b5-4da1-9b82-4059f8dc8a5b_word.mp3],[sound:e08aa10e-a3b5-4da1-9b82-4059f8dc8a5b_sentence.mp3],PersianLanguageOnline,PersianLanguageOnline,"Persian5k::Adverb, Persian5k::Noun, Persian5k::Topic::Time"
RgNU^e5uJ[,c5430600-23e2-4ff9-ab29-56f9519762eb,170,1200,81 | 1284,Noun,چهارشنبه,čahâr-šanbe,Wednesday,امروز چند شنبه است؟ — <b>چهارشنبه</b>.,Emruz čand šanb-ast? — čahâr-šanbe.,What day is it today? — Wednesday.,[sound:c5430600-23e2-4ff9-ab29-56f9519762eb_word.mp3],[sound:c5430600-23e2-4ff9-ab29-56f9519762eb_sentence.mp3],PersianLanguageOnline,PersianLanguageOnline,"Persian5k::Noun, Persian5k::Topic::Days-of-the-week, Persian5k::Topic::Time"
xvUl=oZhPx,80e4cf7d-b220-490a-b0a9-2ac9882262cd,171,318,83 | 5462,Adverb,فقط,faġat,"only;<br>merely, just",<b>فقط</b> امروز!,Faġat emruz.,"Today only!
",[sound:80e4cf7d-b220-490a-b0a9-2ac9882262cd_word.mp3],[sound:80e4cf7d-b220-490a-b0a9-2ac9882262cd_sentence.mp3],PersianLanguageOnline,PersianPod101,Persian5k::Adverb
